firstName,lastName,email,company,position,salary
Jan,Kowalski,jan.kowalski@firma.pl,FirmaA,MANAGER,13000
Anna,Nowak,anna.nowak@firma.pl,FirmaA,PROGRAMISTA,8000
Piotr,Zieliński,piotr.zielinski@firma.pl,FirmaB,STAZYSTA,2500
Zofia,Wójcik,zofia.wojcik@tech.pl,TechCorp,PREZES,30000

Marek,Błąd,marek.blad@tech.pl,TechCorp,KIEROWCA,5000
Alicja,Niska,alicja.niska@firma.pl,FirmaA,MANAGER,10000
Katarzyna,Ujemna,kasia.ujemna@firma.pl,FirmaB,PROGRAMISTA,-100
Kamil,Pomyłka,kamil.pomylka@tech.pl